episode,Q_value
1,-31.212657928466797
2,-349.9371643066406
3,-777.818359375
4,-1685.3846435546875
5,-2231.329345703125
