episode,Q_value
1,-31.600858688354492
2,-358.130126953125
3,-770.724365234375
4,-1722.9296875
5,-2767.1875
6,-3811.44091796875
7,-4929.89111328125
