episode,Q_value
1,0.017514418810606003
2,-13.979482650756836
3,-114.79931640625
4,-154.7942657470703
5,-164.52896118164062
6,-159.09304809570312
