episode,Q_value
1,0.006116410251706839
2,-69.55592346191406
3,-265.4634094238281
4,-817.05419921875
