episode,Q_value
1,0.0021096006967127323
2,0.038499437272548676
