episode,Q_value
1,-0.01223147101700306
2,-0.06254950910806656
3,0.06391874700784683
4,0.2838076055049896
