episode,Q_value
1,-264.19012451171875
2,-1634.1387939453125
3,-3174.744140625
4,-4963.59228515625
