episode,total_reward
1,414.10191912472106
2,410.15919399658856
3,414.71067225039013
4,278.2465148784146
