episode,total_reward
1,550.337923324307
2,464.4824337999035
3,550.3626017630114
4,550.397372580768
5,554.0895541969949
6,554.0978063879425
7,554.1383946557853
