episode,total_reward
1,-161.48913318145642
2,-176.5607998051572
3,-187.26910405353368
4,-180.06203186058838
5,-179.88355083445197
6,-189.02713182622676
7,-193.14814741222503
