episode,total_reward
1,-248.39705389717756
2,-268.84821561326424
3,-270.96871635864585
4,-272.8051695701657
5,-274.1312073623022
6,-272.41689442785577
7,-273.1820480928229
8,-274.2362531040714
9,-243.73413944695912
10,-170.7010265309927
11,-175.42728062967458
12,-190.67277439435324
13,-116.46766237690775
14,-158.73685065408543
15,10.533085554838184
16,-288.6590355336667
17,-139.5489463905493
18,-72.04448970584355
