episode,total_reward
1,1082.6238461051698
2,984.8653083084278
3,973.297033604467
