episode,total_reward
1,583.3329192129282
2,695.1439994961024
3,695.1789700257283
4,695.1517991597455
5,695.1077279754003
6,695.1529998185736
7,695.1138993255795
8,695.1445332276326
9,695.136826491356
10,695.1955458000303
11,695.1420842483641
12,695.1513955389461
13,695.1459917768838
