episode,total_reward
1,-3.180232971906662
2,-4.323576007038355
3,-3.274353463202715
4,-2.8228299133479595
5,-3.252590090036392
6,-3.459133367985487
7,-3.438338987529278
8,-3.242356490343809
9,-2.7391496933996677
10,-2.8064850345253944
11,-2.6916698403656483
