episode,total_reward
1,-353.55295292039676
2,-379.805643498982
3,-347.75184146448373
4,-396.2084305462885
5,-384.73639483625607
6,-397.85882287224035
