episode,total_reward
1,246.31680495369378
2,4.985909529030323
3,6.932996133342385
4,130.08903677047513
5,116.87343644732775
6,195.7720534486375
7,308.31893114480624
8,199.3405056703511
9,93.59701457982469
10,139.87981804588887
11,275.0911428119191
12,144.00341195440876
13,144.39574308054887
14,154.55155556718896
15,113.78925080330382
