episode,total_reward
1,-28.130275535415315
2,-7.343852765858173
3,-7.339503886550663
4,-7.090271241217849
5,112.56197507487028
