episode,total_reward
1,252.16382056148183
2,281.72590765707247
3,265.5612757151429
4,280.8235929602953
5,269.5032957189313
6,272.4803347833443
7,272.79681634459837
8,279.97713221338967
9,280.31308777684234
10,279.47607629550384
11,266.85826112992584
12,274.0377616214304
13,278.2690116607525
14,277.45657277464784
15,270.01159819238075
16,272.48075177164776
