episode,total_reward
1,-588.9906148531937
2,454.94365030108605
3,245.86876822895417
4,351.99202490970487
5,223.15681077102192
