episode,total_reward
1,-247.96844330602582
2,-273.43577026386424
