episode,total_reward
1,-44.69293905142288
2,-79.17112636015129
3,-79.22815754251451
4,-75.99407974481585
5,-66.36084036429725
6,-81.01122217476366
7,-79.48933603339168
8,-72.50278821073383
9,-74.12694772779942
10,-52.770834778745964
11,-66.52298547923564
12,-50.93183539112409
13,-54.9209887802601
14,-55.709223394592584
15,-56.498656251033154
16,-53.30665790637334
17,-58.91063479582469
18,-58.068210137883824
19,-50.14819996654986
20,-48.003176553050665
21,-49.33952455123266
