episode,total_reward
1,284.9146133214236
2,335.96997428834436
3,319.2835527827344
4,311.9408300980925
5,326.3577741881213
6,307.21919470727454
7,318.98197175761055
8,309.56510439813155
9,309.4381974096101
10,316.7155383884908
11,309.4833471069733
12,309.5578334381183
13,311.869245270888
