episode,total_reward
1,346.00134075536994
2,258.1883849481745
3,149.93933345476762
4,113.58682163953793
5,240.95115705281495
