episode,total_reward
1,-55.46916344867088
2,-11.300564157888294
3,-56.967583164684484
4,-28.74319518238307
5,-3.250957101285458
6,-2.2712007139995656
7,-4.931804095953702
8,-3.863596045374864
9,-43.198591053485885
