episode,total_reward
1,47.19528084103598
2,61.371659490451385
3,54.783742141127576
4,53.962216936151165
5,55.923549995422334
6,54.46819927245376
7,54.73017739276095
8,54.94042926698921
9,51.39951138893764
