episode,total_reward
1,1134.9403251461197
2,949.2359373992699
3,1134.8940092448415
4,1150.3464816240491
5,1150.4056527767602
6,994.3367196997322
7,905.7171727101
8,918.2285804621381
9,913.0167253708842
10,904.6436714363097
