episode,total_reward
1,1084.0091734861126
2,-3476.3654297947887
