episode,total_reward
1,1034.294839628152
2,940.8200773047707
3,934.7534567392461
4,921.8901026355614
5,934.6584313452385
6,931.6631496651138
7,945.6686937447181
