episode,total_reward
1,-38.451097390212496
2,-79.18572443819811
3,-79.29408669356104
4,-79.2677558612323
5,-79.25614096261579
6,-79.63155416465287
7,-79.2486417431433
8,-79.63281859423203
