episode,total_reward
1,-299.6304645256141
2,-1290.6800164817828
3,-424.2448573838452
4,-670.372861576546
5,-472.507458468387
6,-691.6049934553915
7,-314.6294324605727
8,-1388.045958717726
9,-1151.922237437917
10,-1262.82892432157
