episode,total_reward
1,-3.462484821677208
2,-3.0255943909287453
3,-1.5843964964151382
4,41.093321813553565
5,254.12353215718264
6,253.8710401856899
7,243.98259509754178
8,253.45120386719717
9,245.42075809919845
10,256.19793362569806
11,256.80463962340366
12,259.1421192913057
13,253.81426574230215
14,252.84684865593914
