episode,total_reward
1,43.37304068974599
2,38.374060162137354
3,32.74674792099933
4,52.47490849562883
5,47.05132977598879
6,32.625743930869334
7,48.983321043369884
8,52.64295415932184
9,41.84238128509979
10,31.309331081407414
11,39.73546340043741
12,51.448301004309585
13,35.55326932612069
14,50.92231710796828
15,50.54995535847209
16,39.16276211120469
17,52.639056242890376
18,50.76909769525293
19,50.05928597965309
20,28.517366046651865
21,40.231847140683804
22,49.970225492534624
