episode,total_reward
1,-651.6835470585152
2,-804.0809580323286
3,-762.3171856475998
4,-759.780724504375
5,-767.7531490786001
6,-766.4595604749862
7,-745.6022924937773
8,-1104.3002427726517
9,-1502.609742604383
10,-1268.6507692295472
11,-1198.494628334045
12,-1269.7550308916716
13,-1193.6590332512278
14,-1229.0847571606748
15,-1694.0431461149824
16,-1369.8524370607454
17,-1446.6255517165175
