episode,total_reward
1,-13.113524687625468
2,-19.767124312431548
3,-11.087767383746977
4,-71.53870095741004
5,-9.195154809653758
6,-9.311056756675244
7,-11.400993840247393
8,-21.672299893572927
9,-29.16959356389939
10,-20.011826707571746
11,-17.534784027636054
12,-10.683471211381256
13,-22.159838436208666
14,-21.817911934033035
15,-11.035451686382293
16,-17.415022921040656
17,-11.562628165651113
18,-19.0073388081789
19,-19.82991030879318
