episode,total_reward
1,-3.5573202535510067
2,49.53328970242417
3,53.594829339799034
4,63.595166594962976
5,55.79584001728823
6,48.43589930534362
7,49.608214530348775
