episode,total_reward
1,-482.86239758234876
2,-505.41562952890195
3,-468.80445096528996
4,-879.8876505453287
5,-632.026699707449
6,-1642.3710453000078
7,-929.8669355691909
8,-450.3004438764811
9,-1064.9947700619507
10,-1981.0562559499738
11,-1988.3226898713583
