episode,total_reward
1,873.2854001576293
2,1439.4837392928969
3,1439.9491491637104
