episode,total_reward
1,-6.281929049640894
2,43.25925625264646
3,42.18656869828699
4,45.20435134172439
5,-6.9636442266404615
6,7.1122681915759856
7,14.50172819793224
8,-1.7125420592725256
9,11.128154158592222
10,2.469528733938928
11,-7.742810725793243
12,-7.15788690522313
13,31.739208272099496
14,-7.731184916943311
15,-8.660656098276377
16,-8.508430846780538
17,-8.428974821418524
18,-8.450318980962038
19,4.668093018233778
