episode,total_reward
1,266.1381702309222
2,262.2188892805409
3,268.5026404155728
4,266.969145737757
5,266.09031090449866
6,267.4162287008198
7,261.0785523782431
8,254.4407646440072
9,263.3080516164983
10,272.94647720857586
11,250.90702923441552
12,260.80649327382946
13,262.17028580645325
14,255.9165708900268
15,270.62368554860495
16,260.3372497292055
17,258.0215813570886
18,279.0989142239446
19,272.7461641127703
20,256.634746749941
21,248.00051636396037
22,251.28720540421693
