episode,total_reward
1,-488.36722723328614
2,-528.4288063206154
3,-527.586089089742
4,-809.3003611855083
5,-338.68422671661943
