episode,total_reward
1,564.3527216851721
2,681.1553667294485
3,681.1088589059812
