episode,total_reward
1,232.4095865525305
2,-7.3270854271948345
3,-7.286697675287726
4,-6.009398289769887
5,-7.307131054252386
6,-7.402130201458931
7,-7.420499494671821
8,-7.327204147726295
