episode,total_reward
1,51.27634554112222
2,47.27789817502918
3,43.87965775977448
4,45.70331139127256
5,43.980479171651524
6,45.06546271473095
7,46.416031195545074
8,44.958512816996425
9,43.94125048482633
10,43.95956875135389
11,43.404112244317545
12,46.49016457790222
13,43.85725107211795
