episode,total_reward
1,583.0371716827168
2,695.1351571381093
3,699.8069161988795
4,695.1595222666858
5,671.7978985930486
6,671.8130202494565
7,671.8482272294664
8,667.1216844613357
9,671.8261941641572
10,671.7948652843637
11,667.1129481606189
12,667.1261602004372
13,667.0864255617065
14,671.7918070139987
15,648.433202459912
16,676.4578008318944
17,681.1458349344629
18,681.1358094451331
19,681.1164360309639
20,681.1032933257522
21,685.7881174373132
22,681.1217752931021
23,681.1020242589234
