episode,total_reward
1,392.2714541642152
2,416.4533826032295
