episode,total_reward
1,-664.3487935066223
2,-584.0926853790879
3,-523.7481815218925
4,-445.3198465630412
