episode,total_reward
1,-3.2086761817336082
2,-3.798545405268669
3,-3.1933119371533394
4,-2.600818246603012
5,-2.832406610250473
6,-2.6816577650606632
7,-2.8475276827812195
8,-2.7916595973074436
9,-2.2447965294122696
10,-2.520298384130001
11,-2.7021011784672737
12,-2.740630727261305
