episode,total_reward
1,248.51103342932413
2,0.7877848148345947
