episode,total_reward
1,983.0216677872874
2,924.5222988961863
3,1031.6610903559144
4,1027.296625574281
5,1044.106509788805
6,1042.4646914074128
7,1019.2421418046928
8,1050.2846996927
