episode,total_reward
1,-7.6252422660589225
2,-7.291807059943677
3,-7.328044780343768
4,-7.34307031556964
5,-7.345521452277897
6,-7.310940544307229
7,-7.301239568740132
8,-7.390439993888141
9,-7.355628636479375
10,-7.196974574029446
11,-7.321750465035443
12,-7.433768892288208
13,-7.416734450310465
14,-7.41710946187377
