episode,total_reward
1,573.7161760480462
2,698.8137951391433
3,697.7479157686234
4,691.8021642466385
5,692.4848860700923
6,695.9670792331295
7,697.0530803332726
8,696.4110019594432
9,692.6072848677635
10,696.1875192046166
11,696.1373613715174
