episode,total_reward
1,578.3635500922812
2,695.1118600932261
3,695.1228832105796
4,690.4505675055088
