episode,total_reward
1,564.3487723413868
2,671.826067597171
3,676.4432088529072
4,671.8036870380246
