episode,total_reward
1,-664.3883883133531
2,-1049.1000103726983
3,-1265.8145011514425
4,-1158.2382169291377
5,-1080.149753600359
6,-1018.8659086748958
7,-880.6253594532609
8,-1137.7434918358922
9,-910.8575695678592
10,-1297.3791383579373
11,-931.0028384923935
12,-869.3987817391753
13,-861.4919193759561
14,-959.3223724067211
