episode,total_reward
1,-109.82976957599384
2,-78.22798011614941
3,-192.72144391238598
4,-32.99789845402421
5,-26.317926490255186
6,-27.073684465945014
7,-25.01074521402615
8,-48.57313226745866
9,-26.88765033708808
10,-26.31308583554985
11,-32.58558795981165
12,-44.080956948334524
13,-34.07374837909193
14,-29.071862356933295
15,-41.600050396684104
16,-36.334405432746635
