episode,total_reward
1,542.8780394311749
2,464.4620624141899
3,546.680591533384
4,550.4088322973265
