episode,total_reward
1,-410.671870182817
2,-429.45343684711196
3,-440.49815187942386
4,-446.16689882678094
5,-432.55037228759045
