episode,total_reward
1,266.3767875661458
2,277.989715862523
3,293.2698264944465
4,312.21627284077334
5,289.4606933782502
6,307.9013607100729
7,271.5946408878299
8,309.1082844631128
9,276.5856871777552
10,299.233090377351
