episode,total_reward
1,582.9543385346744
2,694.9359326156479
3,666.9304368667307
4,666.8788850687447
5,666.8613922325277
6,671.5466226461036
7,666.8598073000712
8,666.8097941932582
9,666.87359234343
10,666.8227580289049
11,666.8908631366991
12,666.871914023658
