episode,total_reward
1,315.2710291440767
2,263.6221381625346
