episode,total_reward
1,1150.3581032806617
2,980.1872221275189
3,1158.0896436655544
4,1134.9018209270657
5,1111.7297787551106
6,1111.7040527852398
7,1111.7154857879898
8,1111.6992615882577
