episode,total_reward
1,239.49820380352165
2,0.90020352602005
3,0.9303999952971935
4,1.1243353299796581
