episode,total_reward
1,-3.6441782414913177
2,-2.7115968354046345
3,-2.830467026680708
4,-2.4575384482741356
5,-2.4960261173546314
6,-2.547146748751402
7,-3.4157267920672894
8,182.64389151334763
9,191.1230010986328
10,183.25868766009808
11,-2.714465156197548
12,111.66938040032983
13,184.95293682813644
14,173.742182970047
15,170.84518668055534
16,165.58267717063427
17,171.9949766844511
18,184.80988591909409
19,178.10402524471283
20,171.6555453836918
