episode,total_reward
1,194.24846165081038
2,115.30207732021813
