episode,total_reward
1,-13.138733267727545
2,1.5851402882548093
3,-3.38285458468678
4,-28.02834372231142
5,-13.979093363975492
6,-12.123115262143372
7,-10.381421975573717
8,-8.41717641758273
9,-9.291299587440681
10,-7.580797995554327
11,-8.651259435335021
12,-8.521199906839115
13,-7.98744827466253
14,-9.471414940790899
15,-7.729110926402438
16,-8.24609671344587
17,-8.717800019297187
18,-8.855275527465388
