episode,total_reward
1,1033.1602550462294
2,1245.27922803895
3,1232.5510383747624
4,1284.2578419381791
5,760.1790303222945
6,1311.3967997344673
7,1077.8223433431792
8,1194.954194295917
9,1377.4161230936481
10,1417.459137598138
