episode,total_reward
1,724.4808455092974
2,343.29273214980947
3,-263.8089489920934
4,-217.24849078877756
