episode,total_reward
1,180.82474313190204
2,186.52837786398098
3,-87.00003819705235
4,-104.58185780048372
