episode,total_reward
1,-3.298980452120304
2,-3.397337257862091
