episode,total_reward
1,-3.281271629035473
2,-3.6021345295011997
3,276.9173949211836
4,-2.643649011850357
5,221.3269849382341
6,278.3087199181318
7,265.9869150519371
8,266.784522484988
