episode,total_reward
1,689.5347103821358
2,596.2900486420413
3,568.9423097255102
4,601.5496535721657
