episode,total_reward
1,308.2034338034411
2,329.6570724167692
3,322.98752128723817
4,322.91981041850744
5,334.38403224106975
6,330.21913216305774
7,325.6569959048261
