episode,total_reward
1,366.22273257086727
2,407.76591135535386
3,386.1806185936094
4,391.14116849661656
5,362.71266013872247
6,371.6408631739859
7,394.18229810650854
8,398.42862718054045
