episode,total_reward
1,-368.5050177505915
2,-361.0132178011165
3,-425.51641881465946
4,-396.48832318211794
5,-394.75810916911416
6,-394.7950686694476
7,-396.40962222033124
8,-396.40589138924116
