episode,total_reward
1,-485.27586243349424
2,-546.4760020082372
