episode,total_reward
1,-1608.1801752597094
2,-551.2414690554142
