episode,total_reward
1,364.65915433586383
2,462.23327988187486
3,407.7466600085297
4,429.8915914307037
5,311.56541712688283
6,318.62519443233776
7,480.88734005292247
8,454.47164087300905
9,367.7873018284641
10,366.8588487009207
