episode,total_reward
1,-3.8599000668525747
2,-3.663450190398841
3,144.35386832763763
4,162.09639758669027
5,259.2402715766431
6,260.6763482630253
