episode,total_reward
1,124.48282515486113
2,103.95253355930268
3,124.49347595796019
4,125.42363374571036
5,125.44267439618739
6,125.41990304271411
7,124.49713597754669
8,124.48873918404212
9,124.49295773789316
10,125.42403460423182
11,125.42844063798555
12,128.22499163682295
13,128.24210372467869
14,128.22762090921435
15,128.23460686961843
