episode,total_reward
1,46.822984026520736
2,46.80727283425118
3,48.26632317533097
4,46.402900188763944
5,48.9439065264662
6,47.38890556087097
7,47.343206401964004
8,47.52525604605678
9,50.329021070301536
10,48.0207250670592
11,46.213759372234335
12,48.55284335069556
13,46.71402690023185
14,45.85762957125903
15,48.27103447357817
16,49.96057629247507
17,49.673915122846765
18,46.73728078077237
19,46.00914212822917
