episode,total_reward
1,552.1700011557589
2,666.8046709418297
3,669.9557098944985
4,669.9529964586102
5,669.7487996498746
