episode,total_reward
1,284.17916657993015
2,342.55689163878566
3,340.24003670153525
4,340.228770171851
5,342.5581736486406
6,342.5678391610583
7,342.5952235148599
8,342.57122723882406
9,342.55487976434335
10,342.5591323236625
11,342.5663454348843
12,342.58771798113986
13,342.58318578017264
14,342.57987782818583
15,342.5661153131476
16,340.2636654059093
17,342.5579989581059
