episode,total_reward
1,5.459563008509576
2,-521.1379226054996
3,-200.47407158184797
4,-48.08264578320086
5,-394.6639431081712
6,-597.2301325369626
7,-103.50734285637736
8,-158.51050650142133
9,-67.9681437027175
10,8.45538348145783
11,-534.3210005164146
12,-815.0802039392292
13,-556.6320093944669
14,-154.97634180774912
15,-131.34549568220973
16,-173.83290003612638
17,-19.571644943207502
18,-17.535510168410838
19,-158.4385844655335
