episode,total_reward
1,209.46258339670845
2,337.89394237436363
3,342.56323251997435
4,340.2255049675702
5,342.57598064479737
6,342.57037378263965
7,344.9105834167451
