episode,total_reward
1,-10.45330946532823
2,-6.75746446039617
3,-11.337844495385886
4,-17.12585323287547
5,-16.67084338890016
6,-16.75437431230484
7,-15.381289148449902
