episode,total_reward
1,-1337.5464656576514
2,-1506.2648549079895
3,-1503.5283403843641
