episode,total_reward
1,265.07914278795937
2,268.0385688794385
3,260.92678671618455
4,276.3981675645591
5,245.3900577141748
6,274.99767928644275
7,265.7002201129003
8,271.2929815440849
9,268.9621744662153
10,278.87444177711967
11,280.4250124483694
12,267.1224372972719
13,264.32090505292155
14,270.4638010783232
15,280.9809640722054
16,280.81221423014034
17,272.211320557734
18,272.829654073542
19,273.3303428017701
