episode,total_reward
1,569.0638157772531
2,681.1615551685296
3,685.8093434517581
4,681.1414241326354
5,681.1054564423861
