episode,total_reward
1,805.2414280759328
2,1189.5103488826276
