episode,total_reward
1,-3.700791370123625
2,-3.0377295948565006
3,-3.3757931031286716
4,-3.2195893600583076
5,-3.167862292379141
6,-3.211073588579893
7,-2.8983112201094627
