episode,total_reward
1,1150.3999953472637
2,972.504745020069
3,1163.9976916392645
4,1086.2718977975846
5,1077.7613810157777
