episode,total_reward
1,-3.4686322156339884
2,-4.467387571930885
3,-2.556281942874193
4,-2.786237198859453
5,-2.626874588429928
6,-2.607245985418558
