episode,total_reward
1,127.28703916231822
2,106.7585780770582
3,128.2327047285441
4,128.7390453764298
5,116.53698950986067
6,114.69425930500029
7,117.51067243258161
8,114.62536870022606
9,119.32008926093576
10,116.58213613708816
