episode,total_reward
1,62.532380586797345
2,494.7094936413387
3,857.9384602212904
4,466.42233780920486
5,478.7946063309906
6,225.73617401249044
7,11.291349476105825
8,11.57403107084334
9,11.051338700093329
10,10.731981755122543
11,61.26517470342263
12,408.6455462946247
13,394.57070976748093
14,316.10825836262666
15,293.8718915534904
16,400.93836575939326
17,413.52927261519795
18,594.7759041145606
19,503.3989484496227
20,214.16445876030767
