episode,total_reward
1,1150.341670045855
2,980.2477442779162
3,1158.1298048593624
4,1158.09998226921
5,1158.139835612776
6,1156.5400922056515
7,954.4134201105439
8,924.3850546618299
9,936.0936032414442
10,956.9536262039342
11,923.6724127256869
12,927.0291759769126
13,968.78867243886
14,942.4438933873175
15,929.523005354007
16,980.4604421091083
17,912.2430371892452
18,957.1739706679185
19,905.9063098692895
