episode,total_reward
1,-9.803245891630649
2,-13.303744791001083
3,-56.93357096556576
4,-34.18529307056217
5,-13.176910174936054
6,-26.462675318717956
7,-16.86348085116595
8,-11.70938443787396
9,-12.459842619746922
10,-10.919471567869188
11,-11.9870703060925
