episode,total_reward
1,337.88572620426623
2,284.20841187164234
3,340.2496129309138
4,337.89955425870926
5,342.59241692448666
6,340.2976445077618
7,340.2419304942092
