episode,total_reward
1,574.706618587673
2,715.9019635001819
3,713.16516978244
4,709.5422022819521
5,713.057592048248
6,712.769622540474
7,717.5445287565394
8,713.0699700633684
9,712.7926073402167
10,679.1133341501155
11,703.3489994446439
12,688.601908737421
