episode,total_reward
1,130.09433111965689
2,106.75204157854138
3,129.4540634464224
4,116.6229755532742
5,117.51493323286374
6,117.51514491697148
7,117.52081982235111
8,117.43173587481186
9,118.58761616706849
10,118.487233880957
11,117.57371327519417
12,116.60022075295444
13,117.45162528733408
14,119.32228077789148
