episode,total_reward
1,255.1480995141569
2,268.7504161946304
3,272.3156368587325
4,280.35871410659064
5,268.3207642155987
6,279.6286574296836
7,269.97970121030744
8,282.20811227334116
