episode,total_reward
1,11.698305857685149
2,1921.2987275556452
