episode,total_reward
1,-187.05114485677794
2,-192.47538337528295
3,-192.67066347788335
4,-186.61237759402928
5,-196.65321361854095
