episode,total_reward
1,-7.3792243026196935
2,-7.2485301077365865
3,-7.292116790264844
4,-7.345755277574065
5,-7.360659330338239
6,-7.363881851732732
7,-7.269561727344992
8,-7.3117252416908745
9,-7.280019346624609
10,-7.337624562531712
11,-7.224151519685984
