episode,total_reward
1,705.6539476635936
2,579.6938818801311
3,589.4607869139148
4,554.5076195020832
5,588.2054971989462
