episode,total_reward
1,274.3298541126543
2,273.54912911641196
3,275.2128313411965
4,274.2174233152993
5,252.42879141455575
6,271.9826143042291
7,272.4602417657753
8,269.70026546091765
9,271.2473701336817
10,280.32882590323055
