episode,total_reward
1,4.524456339005148
2,115.83914624968546
3,-34.92134331837296
4,126.65840580165386
