episode,total_reward
1,-482.8946689953074
2,-505.6270785485453
3,-506.6094978971559
4,-506.5821250435595
5,-507.53380413368336
6,-497.60240791552997
7,-506.7257791017213
8,-506.5060962892176
9,-506.6913360639066
10,-493.61658657648843
11,-506.5115100008646
12,-506.59493186645614
13,-506.50853592516535
14,-495.71443946984647
