episode,total_reward
1,249.93733109911247
2,280.0217466893188
3,280.5561211224685
4,262.119250436273
5,271.0221923929148
6,279.04618504823634
7,273.0088306148088
8,267.83373845244927
9,272.5458037135642
10,277.7435137450002
11,271.40063791205745
12,275.77039528271024
13,280.74444701402416
14,279.77398121291805
15,277.3648335962867
16,267.68065568077884
17,270.5006447547251
18,269.22532182843076
19,265.57749930223997
20,279.6440964543568
21,274.02729479122013
22,279.73943307816205
