episode,total_reward
1,-100.43407769781649
2,-83.16840207866869
3,-405.15452577084767
4,-449.9203414559366
5,-482.1167210817339
6,-474.70999684333816
