episode,total_reward
1,12.093184266984462
2,1009.9983403740063
3,1640.7228209818302
