episode,total_reward
1,228.53461592139607
2,280.7341771444635
3,271.80793268446405
4,273.9715258380414
5,274.23619182151924
6,271.02892104728744
7,268.89914414057205
8,269.2614789309223
9,280.99288500909194
10,274.090670479334
11,264.78349302738957
12,281.83174310326945
13,273.0679813465536
14,270.2743989493793
