episode,total_reward
1,-8.874151027947665
2,-8.517172383517027
3,-8.46940057426691
4,-8.555252967774868
5,-8.271475642174481
6,23.965550667047513
7,19.364829069376004
8,21.414663717150678
9,19.85486673712729
