episode,total_reward
1,254.18954373162103
2,581.6520746280746
3,463.4454425110194
4,265.565650467138
5,274.36443423038304
6,272.62727685734217
7,271.51437431453553
8,279.57404592279926
9,272.7734165870715
10,272.94658009952644
11,279.9961268846719
12,268.89848328333164
