episode,total_reward
1,278.3878746631445
2,268.9316688284249
3,281.4316170711522
4,279.99622644783483
5,244.64657929321945
6,282.7691148760268
7,272.7477447726955
8,269.33497964484417
9,273.24683433925753
10,281.81104844194374
11,273.168532125253
12,279.61468755818237
13,280.5307929754474
14,280.89322032971006
15,271.0569766730675
16,268.61892743537777
17,271.34907382496414
18,267.4939648109353
