episode,total_reward
1,627.4632186629138
2,575.5656329153012
3,580.3642488539839
4,567.3903547929772
5,514.4328939037274
6,559.6193727960087
7,558.0369951300512
8,506.65742795841163
9,563.6359846274743
10,516.2682893884135
11,514.5858631558336
12,520.7457595484171
13,518.2973278775723
14,508.9871367812897
15,560.8406783897518
16,552.9432384790281
17,514.4684722991101
18,562.7281259364536
19,562.2195429704697
20,467.14699783636615
21,556.6577232598928
22,506.0070933822477
23,551.7042004204866
