episode,total_reward
1,-1259.2584284171462
2,-1504.37627947703
3,-1504.9576353468
4,-1495.8895532488823
5,-1506.0582855418324
