episode,total_reward
1,-5.7957952116429805
2,-4.961237972902218
3,-3.5781490734219545
