episode,total_reward
1,-1152.4827631878395
2,-312.8692045738826
3,-3011.5831961274134
4,-2744.6076321333644
5,-2948.3330386352636
6,-4053.111652803422
7,-4146.091179406642
8,-2817.521672368049
9,-3880.345945345342
10,-3171.7961524957755
11,-3895.1992822885527
12,-4245.8684582829455
13,-4173.810739349807
14,-4152.162228351832
