episode,total_reward
1,254.80391070091198
2,273.9837773871435
3,280.3712461564019
4,280.0143757980349
5,271.6877267710741
6,269.69529063912245
7,270.5686080286466
8,268.66969628334664
9,279.337374204194
10,274.2290979249796
11,278.0316494021279
12,269.6264916362648
