episode,total_reward
1,-422.29925625756783
2,-603.2456240908433
3,-1586.4698200881485
4,-869.4054368734361
5,-826.4574731230736
6,-843.7297733545302
7,-1057.623760232329
