episode,total_reward
1,-208.90818719160816
2,-212.50685550727573
3,-192.38176632914065
4,-185.1719993662069
5,-180.8126294427879
6,-183.54325621752545
