episode,total_reward
1,333.2034121455005
2,342.5697070402403
3,342.562394256269
4,342.57804358030455
5,342.5905107460917
6,344.9298630724351
7,342.58367022002744
8,342.5597832355649
9,340.2324819458037
10,326.24522026628273
11,328.55386530949517
12,326.23514154534877
