episode,total_reward
1,579.4014443462095
2,710.756326341629
3,657.0613564242918
4,627.6142737726369
5,648.6094633201758
