episode,total_reward
1,-496.29792482588164
2,-498.9608006381356
3,-535.4620504217867
