episode,total_reward
1,-401.5240375836913
2,-757.9160563978
3,-667.6695405389472
4,-2229.168840267599
5,385.5667115576062
6,-584.4853414568308
7,-2056.079797117623
8,-123.5216913886868
9,-143.7902782826893
10,224.53896560561043
11,475.2171516036193
12,-77.69222879265753
13,221.53956266217412
14,497.0077041404274
15,-300.64807049279204
