episode,total_reward
1,37.14832927733282
2,54.54547586282384
3,44.14595171880718
4,55.44620068771191
5,45.97828972979515
6,48.41604470288462
7,44.578613870931036
8,44.130729287510135
