episode,total_reward
1,33.267046890262414
2,18.923414493865884
3,47.02366395227174
4,454.1096887113961
5,384.18325663805007
6,94.76692114798419
7,65.72964762730895
8,-58.37672412395477
9,152.67098036408424
10,-51.825177520513535
11,437.99483042955393
12,524.7370047837496
13,142.35341992378235
14,15.51123016505456
15,145.72673301683207
16,99.05891133546831
17,107.83748556778109
18,559.9069591803675
19,234.97133896394254
20,319.8976395368576
21,-79.63971155881882
