episode,total_reward
1,546.6020460810278
2,464.47310528576446
3,517.2936355106035
4,517.4053101833662
