episode,total_reward
1,-236.27991781782384
2,-260.82640685534074
3,-261.5169802412596
4,-260.86079978360226
5,-261.3219750988992
6,-259.15118122914765
7,-268.00284667484436
8,-268.0354070013589
