episode,total_reward
1,449.6440802266612
2,-86.13121371567244
3,-83.26427626808486
4,529.8894204489008
5,535.4881986686526
6,540.6915881216242
7,535.963613339373
