episode,total_reward
1,-664.3910166993737
2,-672.5692693069577
3,-771.8393970057368
