episode,total_reward
1,-540.0606517447363
2,-512.6351930552765
