episode,total_reward
1,45.23167473237301
2,59.12090319758855
3,54.04039230803647
4,53.194466057022396
5,52.61747059822084
6,53.06999270250401
7,54.84207115530968
8,54.09277377088863
9,53.03785082866745
10,52.71059421757857
