episode,total_reward
1,468.43090186554525
2,212.03029731015357
3,350.70565238793006
4,340.85191112814437
5,319.6009058483596
