episode,total_reward
1,346.68593334325243
2,323.72522863122043
3,562.0440001933154
