episode,total_reward
1,246.41616313305764
2,267.40334994435074
3,269.7704511362577
4,276.8626139312942
5,280.8203461103671
6,267.48196326652607
7,271.7138288309493
8,271.04306522970563
