episode,total_reward
1,1.9834177494049072
2,-14.136592929437757
3,0.376351096481085
4,-3.6736981742084023
5,40.257889883965255
6,-5.394187453761695
7,55.94470968320966
8,-2.26879102140665
9,-15.229037748277186
10,-2.2445939742028713
11,104.92347011864184
12,-9.556183237582445
13,-9.176611971110106
14,52.190447385236624
15,-2.3666727554053066
16,-2.722789968090728
