episode,total_reward
1,162.07661552463705
2,195.13833249409993
3,59.219710053933184
4,200.53740517433064
5,270.9820662863229
6,178.62322756350665
7,258.50559726466594
8,248.56364603594164
9,206.84756846673636
