episode,total_reward
1,-724.6755202325196
2,-2966.228838311409
3,-677.6220344033339
4,-768.6126461461096
5,-758.3985409913124
