episode,total_reward
1,291.6828761108958
2,279.0108027902516
3,266.75760152525845
4,270.80314342507563
5,280.417620746435
6,270.4028348783772
7,279.2602770337304
8,279.88840296785816
9,280.94708632629454
10,270.87693957491547
11,279.7574290699667
12,271.71889342557887
