episode,total_reward
1,1087.3625185286267
2,1083.1456059873228
3,991.4269981533625
4,947.2747382511501
5,583.567932721384
6,916.5508534655982
7,927.0340202390173
8,670.6721665941973
9,304.5708928571552
10,556.5428799284434
11,-1833.7467132245342
12,837.2392960946006
13,885.3437229127524
14,-1674.9044883177849
15,744.3124790677704
16,-993.269527216905
17,885.057468635497
18,872.1711344995308
