episode,total_reward
1,710.499460290862
2,991.3968716888494
3,952.3488714124155
4,990.3276700846119
5,983.0984897048115
6,1006.4880597478552
7,987.4451435476038
8,983.2755309963982
9,985.8172294672913
10,989.8865044977372
11,989.9905961925093
12,955.9696514511184
13,978.8992735778247
