episode,total_reward
1,-726.2512642625401
2,-752.3783121122659
3,-843.8102179467254
4,-7612.664295868706
