episode,total_reward
1,265.5758242378373
2,254.5166560871127
3,274.2709281124645
4,242.16191551796095
5,241.1206820458248
6,275.8132698711539
7,270.73281056526434
8,271.97195621712325
9,280.2205415642283
10,277.58023596031035
11,280.2783293832423
12,274.89254540782923
