episode,total_reward
1,-226.4718092051457
2,-227.89492922496112
3,-221.16280771722637
4,-225.60944473491844
5,-228.575427602413
6,-226.01630624995406
