episode,total_reward
1,573.7181315634409
2,685.7936656902236
3,690.4511692650618
