episode,total_reward
1,222.9681935703749
2,227.76452643557613
3,231.4725384094893
