episode,total_reward
1,-401.1445098550621
2,-668.0801031893656
3,-1623.4712640486666
4,-108.1652722363223
5,-56.26933586571554
