episode,total_reward
1,460.7090465788055
2,554.1572078830005
3,554.1237709565971
4,554.1374098779771
5,550.3979112152272
6,550.4012011563791
7,554.1125755184903
8,535.425955240529
9,527.9913459575189
10,531.6899973251435
11,531.7037097187849
12,531.6933966018769
13,531.6895236627273
14,531.7211546333643
15,531.7114372082564
