episode,total_reward
1,293.25746118652756
2,292.16849960310867
3,291.4469348783615
4,308.9994518473236
5,304.19219233643315
6,308.46686514031717
