episode,total_reward
1,-111.70896179676046
2,-201.23207335188852
3,-259.2538463723199
4,-266.8948261629137
5,-366.9919747054578
6,-361.46824690103523
