episode,total_reward
1,-1000.4827148877084
2,-979.9499263688922
