episode,total_reward
1,-664.5420807600021
2,-266.5512196049094
3,-276.82856023311615
4,-219.65017530322075
5,-225.12983852624893
6,-249.56208646297455
7,-112.58691611886024
8,-82.06357631087303
9,-62.59903886914253
10,-78.83143144845963
11,-223.2348890900612
12,-264.73594892024994
13,-202.65621721744537
14,-199.53224343061447
15,-131.16772812604904
