episode,total_reward
1,10.680651891785292
2,8.49964982439816
3,14.44933703639842
