episode,total_reward
1,-664.17345289886
2,-1268.174378477037
3,-1059.8118304535747
