episode,total_reward
1,45.2043181558897
2,-47.778506173098975
3,-61.79078087624264
4,-45.79684830820611
5,-45.568726480638766
6,-38.33644513326149
7,-64.48345098288313
8,-60.232593411373244
9,-66.17072721920934
10,-56.698004725656006
11,11.274349202413275
12,34.31270557952998
13,39.80769002941748
14,36.11838226821248
15,48.96149882861423
16,51.689210687305845
17,38.917335906535186
18,37.16860702197126
