episode,total_reward
1,1633.276290787453
2,2058.2322289533145
3,1317.8297281199714
4,1639.5493775707641
5,1469.2130896555782
6,1434.131834231853
7,1748.501910191785
8,1315.9210631595508
9,1718.2065151331046
10,1827.4673448782496
11,1938.5432129896935
12,478.8318847368661
13,1681.9577107686418
14,1259.1707216373195
15,1944.3223206373614
16,1765.912775298093
17,1734.6456992264937
18,1430.034850491102
19,1679.1871707842015
20,1768.8181815117525
21,1875.8962635854298
22,1311.3542031182985
