episode,total_reward
1,-1337.8706383481622
2,-1493.1224997192621
3,-1493.8056996315718
4,-1494.9086106345057
