episode,total_reward
1,247.11770149235693
2,390.77998410364825
3,295.50342914164077
4,153.0697319507598
5,182.95992244879395
6,217.48680436511842
7,300.1283185531696
8,256.31178077260637
9,231.8917486538489
10,110.16902054448883
11,153.3366153021653
12,138.11303103392288
13,165.08896666765182
14,100.57410030961024
15,69.32132508158669
16,66.7079300920167
17,87.90071116685887
18,171.57362129191574
19,47.8943040231863
