episode,total_reward
1,1150.358623065156
2,980.2284878842055
3,1089.9434472513199
4,987.585622074605
