episode,total_reward
1,254.75635379760456
2,384.4012994711291
3,373.02949217912857
