episode,total_reward
1,1083.0272562652783
2,1001.663360460175
3,1004.6229732805245
4,1101.1650501750973
5,-512.9522225162531
6,-2190.4555464684963
