episode,total_reward
1,-507.7983493460622
2,-501.3913032153001
3,-519.9681182130092
4,-511.29780003742303
