episode,total_reward
1,-141.56528616219575
2,-143.97854206240197
3,-52.812992558350246
4,23.952056341033057
5,41.33458989109087
6,351.5203487360477
7,-73.04103754356505
8,-332.06458940891207
9,-83.30567014514021
10,-108.71369976229943
11,-84.100592180466
12,-215.1409063828927
13,-132.02253532160128
14,-157.5220034239867
15,-90.95326030685386
16,-63.43898979581893
17,-66.51844615246912
18,-129.23613446583727
19,-84.32866306532114
20,-93.89446057320109
21,-161.2166184046499
