episode,total_reward
1,-155.51058857243277
2,-171.2134117328608
3,-172.6137640102618
4,-183.35925388103493
