episode,total_reward
1,-173.67924242859254
2,-295.3958959513989
3,-120.98473805633789
4,-1548.19072727561
