episode,total_reward
1,-361.7329515716311
2,-389.727484072481
3,-389.5197057966778
4,-394.7532920059954
5,-378.3353150357758
6,-392.9382222399795
7,-392.93774289433827
8,-393.08156000761664
9,-392.96002265632416
10,-392.9436220757
11,-396.4186124648556
12,-391.32504062554244
13,-396.37193386585307
14,-396.3293369278776
15,-394.7506693856723
16,-396.4336545624536
17,-396.2904989378631
18,-396.2761765924578
19,-391.6297428942392
20,-398.09012202632533
21,-396.29168241323583
22,-396.4911722046522
