episode,total_reward
1,244.7980409575143
2,245.95847627602714
3,458.20817559746297
4,541.4207271160872
5,412.735827531417
6,405.1081974909237
7,517.9305709143479
8,414.15515457563816
9,290.2125106096994
10,349.1533852446524
11,447.9656895895802
12,280.1000300427862
13,274.3185375331558
14,305.9454019824911
