episode,total_reward
1,-431.01520128347994
2,-186.67393324122662
3,-348.0924659546465
4,-229.6780336863153
5,-438.26862909613396
6,-458.42679121000805
7,-458.72585448165825
8,-455.65858411843374
