episode,total_reward
1,1134.886119668283
2,972.4938673114796
3,1147.35563477993
4,1054.5983985201515
5,1077.8693242748582
6,1062.0766035072008
