episode,total_reward
1,2043.4367001248213
2,2272.820794757524
3,2198.6366194517846
4,2246.090231914472
