episode,total_reward
1,-2.920309367887361
2,-45.45229884234614
