episode,total_reward
1,-96.05933240461272
2,-65.82941170533884
3,-144.18660811592562
4,-3.8982795894146065
5,42.22489399015903
6,-83.13269627353377
