episode,total_reward
1,1361.0802173881475
2,1049.512653158796
3,-1668.4084614942474
4,937.4116537337501
5,679.3525126986517
6,-59.8559720963238
