episode,total_reward
1,5.399515248835087
2,3.832703970372677
3,3.69215215370059
4,3.0577460266649723
5,3.371013429015875
6,2.9858362451195717
7,1.941162720322609
8,3.2984293960034847
9,3.635202245786786
10,3.056446146219969
11,4.309820335358381
12,4.074104402214289
13,3.8677506372332573
14,3.417676042765379
15,2.4408263377845287
16,3.3011771328747272
17,2.611514586955309
18,2.990917921066284
19,2.7653931826353073
20,2.907831370830536
21,2.1494519971311092
