episode,total_reward
1,275.4620258557299
2,311.07031224774306
3,259.81105511560963
4,313.57004733259384
5,315.3044151261434
6,263.3202022706706
7,323.70717159356394
8,343.9349688670772
9,348.9743814285363
10,353.3445299738203
11,270.80604905684794
12,249.65827254056916
13,211.90746698776877
14,312.1939040834699
15,336.5694622849417
16,316.13048981875033
17,262.25500851321016
18,261.4600852983464
19,257.6309469757073
