episode,total_reward
1,4802.444385404291
2,631.923447512828
