episode,total_reward
1,280.7179712323654
2,281.7712564278369
