episode,total_reward
1,-664.354413561523
2,-573.1307114288211
