episode,total_reward
1,210.01864760738488
2,257.4152573483687
3,254.92389203558366
4,269.07104095170905
5,265.2450369169315
6,260.765212658296
7,277.13553329507516
8,281.72252627064796
9,273.9183078462879
10,257.38367318312334
11,252.72674175302174
12,270.3420524328948
13,252.89175202846528
14,262.39944564600785
15,244.53365923464307
16,258.2631780813137
17,249.00130639870966
18,258.876022345821
