episode,total_reward
1,577.0321314799288
2,628.6664006501437
3,662.2026796460148
4,648.2293513089422
5,663.0478312293685
6,662.2747148543598
7,657.7942824939886
8,652.8639825622241
9,662.9689063767593
10,648.6035462498669
11,662.675108186404
12,643.7301658729712
13,653.0034694910051
14,610.2011797388394
15,652.7710456411045
16,657.5875614960989
17,672.2273149430754
18,672.1619725147884
19,658.0446947256722
20,657.5197328954935
21,648.5891360183555
22,667.143067404628
23,648.6134597480295
