episode,total_reward
1,-175.84192440618173
2,-403.79825340003714
3,-240.437676833883
4,-601.8897248425696
