episode,total_reward
1,-13.199686235666276
2,-3.8147687841430313
3,-15.211178638771175
4,-17.73071449698788
